{
  "time_steps": 168,
  "metrics": {
    "test_mae": 66.91694430762969,
    "test_rmse": 84.27492727735293,
    "test_mape": 5.58936426718719
  }
}