{
    "val_mae": 4.179269012835298,
    "val_rmse": 14.727379159114202,
    "val_mape": 0.45059646884944654,
    "test_mae": 4.602099661962336,
    "test_rmse": 11.100970606032883,
    "test_mape": 0.34893191098244347
}