val_mae,val_rmse,val_mape,test_mae,test_rmse,test_mape
4.178470324757324,14.753264139739185,0.4502583210876611,4.603026779674184,11.11084074827142,0.348978126918335
