{
    "MAE": 2.660073897298185,
    "RMSE": 3.912581375948512,
    "MAPE": 0.23712711145075396
}