val_mae,val_rmse,val_mape,test_mae,test_rmse,test_mape
4.015075965032301,17.396317421637722,0.5029608982623321,4.326338155672335,11.036925489349967,0.3304676225251854
