{
    "val_mae": 17.66985321044922,
    "val_rmse": 21.32001304626465,
    "val_mape": 1.454793930053711,
    "test_mae": 159.58226013183594,
    "test_rmse": 188.36184692382812,
    "test_mape": 14.014373779296875
}