{
    "MAE": 101.44199191080729,
    "RMSE": 115.25989498482768,
    "MAPE": 9.098762148014728
}