{
    "MAE": 162.56541772460938,
    "RMSE": 192.85360742290348,
    "MAPE": 14.25291972686491
}