{
    "MAE": 44.53228143717448,
    "RMSE": 58.57655778538907,
    "MAPE": 4.092171606008702
}