{
    "val_mae": 35.0007209777832,
    "val_rmse": 47.05573654174805,
    "val_mape": 2.783951997756958,
    "test_mae": 94.86161041259766,
    "test_rmse": 114.63636779785156,
    "test_mape": 8.398280143737793
}